index,organisation,region,discoverySearch,domainSearch,crawlStage,pagesRetrieved,accessLimitations,candidateReview,verifiedProgrammes
0,Menzies Research Centre,Australia,completed,completed,crawl_finished_needs_review,554,1,not_complete,
1,Samuel Griffith Society,Australia,completed,completed,crawl_finished_needs_review,7,0,not_complete,
2,Centre for Independent Studies (CIS),Australia,completed,completed,crawl_finished_needs_review,0,3,not_complete,
3,Institute of Public Affairs (IPA),Australia,completed,completed,crawl_finished_needs_review,0,2,not_complete,
4,Maxim Institute,New Zealand,completed,completed,crawl_finished_needs_review,34,3,not_complete,
5,New Zealand Initiative,New Zealand,completed,completed,crawl_finished_needs_review,350,18,not_complete,
6,Institute of Economic Affairs (IEA),United Kingdom,completed,completed,crawl_finished_needs_review,600,14,not_complete,
7,Adam Smith Institute,United Kingdom,completed,completed,crawl_finished_needs_review,536,1,not_complete,
8,"Vinson Centre, University of Buckingham",United Kingdom,completed,completed,crawl_finished_needs_review,208,1,not_complete,Hayek Research Internship; Vinson Research-Based Internship
9,Centre for Policy Studies,United Kingdom,completed,completed,crawl_finished_needs_review,505,20,not_complete,
10,American Enterprise Institute (AEI),United States,completed,completed,crawl_finished_needs_review,25,72,not_complete,Fall 2026 Internship - Communications and Marketing Systems; Fall 2026 Internship - Coalitions; Fall 2026 Internship - Media Relations; Fall 2026 Internship - Office of the President; Fall 2026 Internship - Asian Economics
11,Cato Institute,United States,completed,completed,crawl_finished_needs_review,0,5,not_complete,
12,AIER (American Institute for Economic Research),United States,completed,completed,crawl_finished_needs_review,218,23,not_complete,
13,FEE (Foundation for Economic Education),United States,completed,completed,crawl_finished_needs_review,645,14,not_complete,
14,Hudson Institute,United States,completed,completed,crawl_finished_needs_review,699,7,not_complete,Policy Certificate: Israel's Place in the American Order
15,The Fund for American Studies (TFAS),United States,completed,completed,crawl_finished_needs_review,274,5,not_complete,TFAS Washington Fellowship - Spring 2027; TFAS Santiago 2027
16,Heritage Foundation,United States,completed,completed,crawl_finished_needs_review,3,12,not_complete,Young Leaders Program - Spring 2027
17,Young Voices,United States,completed,completed,crawl_finished_needs_review,61,1,not_complete,Contributor Program - Spring 2027
18,Hillsdale College Online Courses,"Online / global (free, always-open)",completed,completed,crawl_finished_needs_review,61,0,not_complete,Online Liberal Arts Courses
19,FEE Online Learning,"Online / global (free, always-open)",completed,completed,crawl_finished_needs_review,430,16,not_complete,
20,Sydney Institute,Australia,completed,completed,crawl_finished_needs_review,0,3,not_complete,
21,Robert Menzies Institute,Australia,completed,completed,crawl_finished_needs_review,107,1,not_complete,
22,H.R. Nicholls Society,Australia,completed,completed,crawl_finished_needs_review,10,0,not_complete,
23,Australian Taxpayers' Alliance,Australia,completed,completed,crawl_finished_needs_review,17,0,not_complete,
24,Page Research Centre,Australia,completed,completed,crawl_finished_needs_review,7,0,not_complete,
25,Australian Institute for Progress,Australia,completed,completed,crawl_finished_needs_review,158,1,not_complete,
26,Mannkal Economic Education Foundation,Australia,completed,completed,crawl_finished_needs_review,101,35,not_complete,
27,Policy Exchange,United Kingdom,completed,completed,crawl_finished_needs_review,0,4,not_complete,
28,The Bow Group,United Kingdom,completed,completed,crawl_finished_needs_review,20,3,not_complete,
29,TaxPayers' Alliance,United Kingdom,completed,completed,crawl_finished_needs_review,23,0,not_complete,
30,Civitas,United Kingdom,completed,completed,crawl_finished_needs_review,8,2,not_complete,
31,Henry Jackson Society,United Kingdom,completed,completed,crawl_finished_needs_review,61,1,not_complete,"Research, Communications and Events Internship"
32,Onward,United Kingdom,completed,completed,crawl_finished_needs_review,302,5,not_complete,
33,Legatum Institute,United Kingdom,completed,completed,crawl_finished_needs_review,46,1,not_complete,
34,Bruges Group,United Kingdom,completed,completed,crawl_finished_needs_review,3,1,not_complete,
35,ResPublica,United Kingdom,completed,completed,crawl_finished_needs_review,156,14,not_complete,
36,Politeia,United Kingdom,completed,completed,crawl_finished_needs_review,0,2,not_complete,
37,Free Speech Union,United Kingdom,completed,completed,crawl_finished_needs_review,63,0,not_complete,
38,Reform,United Kingdom,completed,completed,crawl_finished_needs_review,0,3,not_complete,
39,Mont Pelerin Society,United Kingdom,completed,completed,crawl_finished_needs_review,5,0,not_complete,
40,Institute for Free Trade,United Kingdom,completed,completed,crawl_finished_needs_review,2,3,not_complete,
41,Open Europe,United Kingdom,completed,completed,crawl_finished_needs_review,1,1,not_complete,
42,Initiative for Free Trade,United Kingdom,completed,completed,crawl_finished_needs_review,2,3,not_complete,
43,Ayn Rand Centre UK,United Kingdom,completed,completed,crawl_finished_needs_review,1,1,not_complete,
44,Liberty Fund,United States,completed,completed,crawl_finished_needs_review,3,1,not_complete,
45,Leadership Institute,United States,completed,completed,crawl_finished_needs_review,80,3,not_complete,Aileen Chuck Internship - Spring 2027; Aileen Chuck Internship - Summer 2027
46,Young America's Foundation (YAF),United States,completed,completed,crawl_finished_needs_review,190,0,not_complete,Journalism Internship - Spring 2027
47,Federalist Society,United States,completed,completed,crawl_finished_needs_review,855,8,not_complete,
48,Manhattan Institute,United States,completed,completed,crawl_finished_needs_review,588,2,not_complete,
49,Goldwater Institute,United States,completed,completed,crawl_finished_needs_review,140,0,not_complete,Ronald Reagan Fellowship - Internships; Ronald Reagan Fellowship - Law Clerkships
50,Tax Foundation,United States,completed,completed,crawl_finished_needs_review,127,3,not_complete,Federal Tax Policy Internship - Spring 2027
51,Competitive Enterprise Institute (CEI),United States,completed,completed,crawl_finished_needs_review,754,26,not_complete,
52,Pacific Legal Foundation,United States,completed,completed,crawl_finished_needs_review,417,2,not_complete,Strategic Research Internship - Spring 2027
53,Property and Environment Research Center (PERC),United States,completed,completed,crawl_finished_needs_review,85,13,not_complete,Conservation Policy Internship
54,Reason Foundation,United States,completed,completed,crawl_finished_needs_review,479,7,not_complete,Journalism Internship - Spring 2027; Policy Internship - Spring 2027; Marketing Internship - Spring 2027; Video Production Internship - Spring 2027
55,Pacific Research Institute,United States,completed,completed,crawl_finished_needs_review,285,0,not_complete,
56,Independent Institute,United States,completed,completed,crawl_finished_needs_review,0,2,not_complete,Learning to Lead Internships
57,Claremont Institute,United States,completed,completed,crawl_finished_needs_review,162,0,not_complete,
58,National Review Institute,United States,completed,completed,crawl_finished_needs_review,66,1,not_complete,
59,Texas Public Policy Foundation,United States,completed,completed,crawl_finished_needs_review,0,3,not_complete,Internship Program - 2027 Intakes
60,James Madison Institute,United States,completed,completed,crawl_finished_needs_review,1,1,not_complete,
61,Mercatus Center,United States,completed,completed,crawl_finished_needs_review,0,3,not_complete,Exploring Complex Solutions Fellowship - Spring 2027; Undergraduate Scholars Program
62,Heartland Institute,United States,completed,completed,crawl_finished_needs_review,272,10,not_complete,Public Relations Internship; Editorial Internship; Government Relations Internship; Graphic Design Internship; Development Internship
63,State Policy Network (SPN),United States,completed,completed,crawl_finished_needs_review,167,3,not_complete,
64,Donors Trust,United States,completed,completed,crawl_finished_needs_review,21,0,not_complete,
65,Charles Koch Institute,United States,completed,completed,crawl_finished_needs_review,22,0,not_complete,Koch Associate Program 2027-28
66,Intercollegiate Studies Institute (ISI),United States,completed,completed,crawl_finished_needs_review,121,0,not_complete,
67,Independent Women's Forum,United States,completed,completed,crawl_finished_needs_review,881,5,not_complete,
68,Institute for Humane Studies (IHS),United States,completed,completed,crawl_finished_needs_review,22,0,not_complete,
69,Pioneer Institute for Public Policy Research,United States,completed,completed,crawl_finished_needs_review,480,33,not_complete,
70,Ludwig von Mises Institute,United States,completed,completed,crawl_finished_needs_review,0,2,not_complete,Research Fellowship in Residence 2027
71,Hoover Institution,United States,completed,completed,crawl_finished_needs_review,447,6,not_complete,Hoover Fellow - 2027 Early-Career Scholars; Student Fellowship 2026-27
72,Ed Snider Center for Enterprise & Markets,United States,completed,completed,crawl_finished_needs_review,3,0,not_complete,
73,Ladies of Liberty Alliance (LOLA),United States,completed,completed,crawl_finished_needs_review,102,1,not_complete,
74,Forum for Citizenship and Enterprise,United States,completed,completed,crawl_finished_needs_review,0,2,not_complete,
75,Foundation for Individual Rights and Expression (FIRE),United States,completed,completed,crawl_finished_needs_review,1099,2,not_complete,Campus Scholars Program 2026-27
76,National Taxpayers Union,United States,completed,completed,crawl_finished_needs_review,55,0,not_complete,Marketing Internship; Government Affairs Internship
77,National Taxpayers Union Foundation,United States,completed,completed,crawl_finished_needs_review,55,0,not_complete,Policy and Research Internship; Taxpayer Defense Center Clerkship
78,Americans for Tax Reform,United States,completed,completed,crawl_finished_needs_review,190,3,not_complete,Fall 2026 Internship
79,Americans for Tax Reform Foundation,United States,completed,completed,crawl_finished_needs_review,190,3,not_complete,
80,Ideas Beyond Borders,United States,completed,completed,crawl_finished_needs_review,88,23,not_complete,
81,Arkansas Center for Research in Economics (ACRE),United States,completed,completed,crawl_finished_needs_review,6,1,not_complete,
82,EdChoice,United States,completed,completed,crawl_finished_needs_review,292,7,not_complete,
83,Manuel H. Johnson Center for Political Economy,United States,completed,completed,crawl_finished_needs_review,1,0,not_complete,
84,"William F. Buckley, Jr. Program at Yale",United States,completed,completed,crawl_finished_needs_review,511,13,not_complete,
85,American Federation for Children,United States,completed,completed,crawl_finished_needs_review,120,3,not_complete,
86,Media Research Center,United States,completed,completed,crawl_finished_needs_review,23,0,not_complete,
87,Ayn Rand Institute (ARI),United States,completed,completed,crawl_finished_needs_review,18,6,not_complete,
88,The Atlas Society,United States,completed,completed,crawl_finished_needs_review,686,2,not_complete,Galt's Gulch 2027 - Student and Young Adult Scholarships
89,Anthem Foundation for Objectivist Scholarship,United States,completed,completed,crawl_finished_needs_review,1,1,not_complete,
90,Clemson Institute for the Study of Capitalism,United States,completed,completed,crawl_finished_needs_review,12,2,not_complete,
91,Ayn Rand Center Latin America,United States,completed,completed,crawl_finished_needs_review,1,1,not_complete,
92,Macdonald-Laurier Institute (MLI),Canada,completed,completed,crawl_finished_needs_review,529,138,not_complete,
93,Montreal Economic Institute (MEI),Canada,completed,completed,crawl_finished_needs_review,205,9,not_complete,
94,Aristotle Foundation for Public Policy,Canada,completed,completed,crawl_finished_needs_review,28,2,not_complete,
95,Canadian Constitution Foundation,Canada,completed,completed,crawl_finished_needs_review,10,0,not_complete,
96,Justice Centre for Constitutional Freedoms,Canada,completed,completed,crawl_finished_needs_review,126,1,not_complete,
97,Cardus,Canada,completed,completed,crawl_finished_needs_review,370,14,not_complete,
98,True North Centre,Canada,completed,completed,crawl_finished_needs_review,459,8,not_complete,
99,Fraser Institute,Canada,completed,completed,crawl_finished_needs_review,0,2,not_complete,
100,Canadian Taxpayers Federation,Canada,completed,completed,crawl_finished_needs_review,0,3,not_complete,
101,Atlantic Institute for Market Studies (AIMS),Canada,completed,completed,crawl_finished_needs_review,7,1,not_complete,
102,Centre for Civil Society (CCS),Asia,completed,completed,crawl_finished_needs_review,151,2,not_complete,Education Policy Internship; Legal Internship - Livelihood Policy; Street Vending Research Internship
103,Liberty Institute,Asia,completed,completed,crawl_finished_needs_review,0,3,not_complete,
104,Lion Rock Institute,Asia,completed,completed,crawl_finished_needs_review,1,2,not_complete,
105,Tokyo Foundation for Policy Research,Asia,completed,completed,crawl_finished_needs_review,152,4,not_complete,
106,Center for Free Enterprise,Asia,completed,completed,crawl_finished_needs_review,1,1,not_complete,
107,PRIME Institute,Asia,completed,completed,crawl_finished_needs_review,4,0,not_complete,
108,Alternate Solutions Institute,Asia,completed,completed,crawl_finished_needs_review,4,3,not_complete,
109,Advocata Institute,Asia,completed,completed,crawl_finished_needs_review,45,1,not_complete,Long-Term Internship; Summer Internship; Future Leaders Program
110,Bangladesh Center for Free Market Economy,Asia,completed,completed,identity_unresolved,0,0,not_complete,
111,Foundation for Economic Freedom,Asia,completed,completed,crawl_finished_needs_review,17,0,not_complete,
112,IDEAS (Institute for Democracy and Economic Affairs),Asia,completed,completed,crawl_finished_needs_review,0,3,not_complete,Research and Operations Internship
113,Suara Kebebasan / Indonesia Freedom Network,Asia,completed,completed,crawl_finished_needs_review,0,3,not_complete,
114,Atlas Asia Liberty Forum,Asia,completed,completed,crawl_finished_needs_review,47,11,not_complete,
115,Universidad Francisco Marroquín (UFM),Latin America,completed,completed,crawl_finished_needs_review,1,0,not_complete,
116,Fundación Libertad,Latin America,completed,completed,crawl_finished_needs_review,0,2,not_complete,
117,Libertad y Progreso,Latin America,completed,completed,crawl_finished_needs_review,1,1,not_complete,
118,ESEADE,Latin America,completed,completed,crawl_finished_needs_review,1,0,not_complete,
119,Estudantes pela Liberdade (EPL),Latin America,completed,completed,crawl_finished_needs_review,1,0,not_complete,
120,Instituto Mises Brasil,Latin America,completed,completed,crawl_finished_needs_review,7,0,not_complete,
121,Instituto Liberal,Latin America,completed,completed,crawl_finished_needs_review,1,1,not_complete,
122,Instituto Millenium,Latin America,completed,completed,crawl_finished_needs_review,36,5,not_complete,
123,Instituto Ordem Livre,Latin America,completed,completed,crawl_finished_needs_review,0,3,not_complete,
124,Instituto de Estudos Empresariais (IEE),Latin America,completed,completed,crawl_finished_needs_review,1,1,not_complete,
125,Fundación para el Progreso (FPP),Latin America,completed,completed,crawl_finished_needs_review,72,5,not_complete,Academia Liberal 2026 - Second Cohort
126,Libertad y Desarrollo,Latin America,completed,completed,crawl_finished_needs_review,75,8,not_complete,
127,Instituto de Ciencia Política Hernán Echavarría Olózaga,Latin America,completed,completed,crawl_finished_needs_review,1,1,not_complete,
128,Caminos de la Libertad,Latin America,completed,completed,crawl_finished_needs_review,1,1,not_complete,
129,Mexico Evalua,Latin America,completed,completed,crawl_finished_needs_review,12,0,not_complete,
130,IMCO,Latin America,completed,completed,crawl_finished_needs_review,12,0,not_complete,
131,CIDAC,Latin America,completed,completed,crawl_finished_needs_review,1,1,not_complete,
132,CEDICE Libertad,Latin America,completed,completed,crawl_finished_needs_review,0,3,not_complete,
133,IDEA Latinoamérica,Latin America,completed,completed,identity_unresolved,0,0,not_complete,
134,Eléutera,Latin America,completed,completed,crawl_finished_needs_review,0,3,not_complete,
135,RELIAL,Latin America,completed,completed,crawl_finished_needs_review,9,0,not_complete,
136,Tikvah Fund,Middle East / North Africa,completed,completed,crawl_finished_needs_review,68,3,not_complete,
137,Shalem College,Middle East / North Africa,completed,completed,crawl_finished_needs_review,1,0,not_complete,
138,Jerusalem Institute for Market Studies,Middle East / North Africa,completed,completed,crawl_finished_needs_review,13,1,not_complete,
139,Kohelet Policy Forum,Middle East / North Africa,completed,completed,crawl_finished_needs_review,3,1,not_complete,
140,Lebanese Institute for Market Studies (LIMS),Middle East / North Africa,completed,completed,crawl_finished_needs_review,4,6,not_complete,
141,Egyptian Center for Economic Studies,Middle East / North Africa,completed,completed,crawl_finished_needs_review,1,0,not_complete,
142,Middle East Forum,Middle East / North Africa,completed,completed,crawl_finished_needs_review,348,0,not_complete,Policy and Writing Internship
143,Free Market Foundation,Africa,completed,completed,crawl_finished_needs_review,217,6,not_complete,
144,IMANI Center for Policy and Education,Africa,completed,completed,crawl_finished_needs_review,73,1,not_complete,
145,African Liberty,Africa,completed,completed,crawl_finished_needs_review,204,3,not_complete,
146,Inter Region Economic Network (IREN Kenya),Africa,completed,completed,crawl_finished_needs_review,1,2,not_complete,
147,Free Africa Foundation,Africa,completed,completed,crawl_finished_needs_review,0,3,not_complete,
148,Students for Liberty Africa,Africa,completed,completed,crawl_finished_needs_review,1,0,not_complete,
149,Africa Liberty Forum,Africa,completed,completed,crawl_finished_needs_review,35,2,not_complete,
150,EPICENTER,Continental Europe,completed,completed,crawl_finished_needs_review,16,0,not_complete,European Policy Internship
151,4liberty.eu,Continental Europe,completed,completed,crawl_finished_needs_review,124,1,not_complete,
152,European Liberal Forum (ELF),Continental Europe,completed,completed,crawl_finished_needs_review,88,0,not_complete,
153,Atlas Europe Liberty Forum,Continental Europe,completed,completed,crawl_finished_needs_review,35,2,not_complete,
154,Edmund Burke Foundation,Continental Europe,completed,completed,crawl_finished_needs_review,11,0,not_complete,
155,New Direction,Continental Europe,completed,completed,crawl_finished_needs_review,3,2,not_complete,
156,Friedrich Naumann Foundation,Germany,completed,completed,crawl_finished_needs_review,36,6,not_complete,
157,Konrad-Adenauer-Stiftung,Germany,completed,completed,crawl_finished_needs_review,37,1,not_complete,
158,Prometheus Institute,Germany,completed,completed,crawl_finished_needs_review,18,0,not_complete,
159,Liberales Institut,Switzerland,completed,completed,crawl_finished_needs_review,13,1,not_complete,
160,Hayek Institute,Austria,completed,completed,crawl_finished_needs_review,0,3,not_complete,
161,Timbro,Sweden,completed,completed,crawl_finished_needs_review,28,0,not_complete,
162,CEPOS,Denmark,completed,completed,crawl_finished_needs_review,44,1,not_complete,
163,Civita,Norway,completed,completed,crawl_finished_needs_review,302,0,not_complete,
164,Istituto Bruno Leoni,Italy,completed,completed,crawl_finished_needs_review,32,0,not_complete,
165,IREF Europe,France,completed,completed,crawl_finished_needs_review,1,0,not_complete,
166,Institut Economique Molinari,France,completed,completed,crawl_finished_needs_review,18,0,not_complete,
167,iFRAP,France,completed,completed,crawl_finished_needs_review,1,2,not_complete,
168,Civismo,Spain,completed,completed,crawl_finished_needs_review,80,0,not_complete,
169,Instituto Juan de Mariana,Spain,completed,completed,crawl_finished_needs_review,23,0,not_complete,
170,Edmund Burke Institute,Ireland,completed,completed,crawl_finished_needs_review,0,3,not_complete,
171,Iona Institute,Ireland,completed,completed,crawl_finished_needs_review,88,0,not_complete,
172,Institut Liberalnich Studii,Czech Republic,completed,completed,crawl_finished_needs_review,34,1,not_complete,
173,CETA,Czech Republic,completed,completed,crawl_finished_needs_review,5,0,not_complete,
174,Lithuanian Free Market Institute,Lithuania,completed,completed,crawl_finished_needs_review,441,0,not_complete,
175,Economic Freedom Foundation,Poland,completed,completed,crawl_finished_needs_review,1,5,not_complete,
176,Mises Institute Poland,Poland,completed,completed,crawl_finished_needs_review,0,3,not_complete,
177,Free Market Foundation (Hungary),Hungary,completed,completed,crawl_finished_needs_review,0,3,not_complete,
178,Danube Institute,Hungary,completed,completed,crawl_finished_needs_review,447,0,not_complete,
179,Mathias Corvinus Collegium,Hungary,completed,completed,crawl_finished_needs_review,36,1,not_complete,
180,Bendukidze Free Market Center,Ukraine,completed,completed,crawl_finished_needs_review,1,1,not_complete,
181,Atlas Network partner directory,Global,completed,completed,crawl_finished_needs_review,2,0,not_complete,
